,mean,var,cov
0,68.71614837646484,16.063316345214844,2.447061777114868
1,138.52703857421875,527.2067260742188,5.337037086486816
2,16.977554321289062,22.47317886352539,2.1103765964508057
3,-2.3884825706481934,1.5957704782485962,0.7509610652923584
4,-7.915043830871582,1.1949634552001953,0.6818290948867798
5,-8.907571792602539,1.1458396911621094,0.676548957824707
6,-9.551544189453125,1.1220829486846924,0.6588734984397888
