,mean,var,cov
0,-0.00043635498150251806,0.7697868347167969,0.49850159883499146
1,-0.06568361073732376,0.9573184847831726,0.5891750454902649
2,-0.06654754281044006,1.0280929803848267,0.6219483613967896
3,-0.09888225048780441,1.01619553565979,0.6141675710678101
4,-0.10401506721973419,1.0433512926101685,0.6274110078811646
