,mean,var,cov
0,38.873390197753906,6.178663730621338,1.671687126159668
1,583.53369140625,941.73974609375,13.800097465515137
2,1.1563431024551392,2.9173169136047363,0.8575122952461243
3,-2.216294527053833,2.5369713306427,0.7857662439346313
4,-5.090412139892578,1.8492285013198853,0.821916401386261
5,-6.904156684875488,1.5448602437973022,0.7910733222961426
6,-8.166509628295898,1.4316883087158203,0.7573126554489136
7,-8.872406959533691,1.3602691888809204,0.7428523302078247
