,mean,var,cov
0,75.08393096923828,18.675731658935547,2.564821243286133
1,1057.4949951171875,15485.6201171875,29.655651092529297
2,8.881060600280762,69.6200942993164,1.3854176998138428
